Nombre_paciente,Apellidos_paciente,DNI_paciente,Foto_paciente,Localidad_paciente,Direccion_paciente,N_seguridad_social_paciente,Username_medico
Miguel,Castro,53462211X,Sin foto,Madrid,C/ Alcalá 202 Nº6 Portal B 2ºC,1,Medico001
Cristiano,Ronaldo,777776F,Sin foto,Madeira,Calle las Toallas nº7,707,Medico002
Sergio,Ramos,444444F,Sin foto,Cadiz,Avenida minuto 90,404,Medico003
Marcelo,Vieira,121212M,Sin foto,Brasilia,Avenida la Samba,1212,Medico002
Juan,Garcia Perez,04589265Y,Sin foto,Arteixo,Camino de Cancelo 13,158690367467,BorjaMonsalve
Carmela,Fraga Mosqueira,86739916Q,Mujer.jpg,Oleiros,Rua Tierno Galvan 58,155671243275,BorjaRodriguez
Adela,Pazo Ulloa,20580166L,Mujer.jpg,Ortigueira,Rua Madalena 2,159942551076,BorjaMonsalve
Uxio,Rivera Otero,06973452J,Hombre.jpg,Outeiro de Rei,Rua do Concello 31,274141566213,BorjaMonsalve
Alvaro,Fraga Gutierrez,86739917Q,Mujer.jpg,Oleiros,Ria de Arousa 58,155671243275,BorjaMonsalve
Jose Luis,Fraga Fraga,86739816Q,Hombre.jpg,Oleiros,,155671243275,BorjaMonsalve
Carmela,y Amen,81739916Q,Mujer.jpg,Oleiros,Villaviciosa de Odon,151671213275,BorjaMonsalve
Roi,Aspas Mariï¿½o,44190038T,Hombre.jpg,Negreira,Rua Castelao 3,153693697407,BorjaRodriguez
Florentina,Bermejo Gutierrez,40738914A,Mujer.jpg,Madrid,Av. de América 21,856129045552,BorjaRodriguez
Ana,Rodríguez Neira,61290654R,Mujer.jpg,Ávila,Calle Buena Fortuna 13,120934872221,MariLuzMorales
Manuel,Fernandez Fernandez,09036444C,Hombre.jpg,Valencia,Avenida los Puertos 31,864512002271,MariLuzMorales
Santiago,Becerra Álvarez,08473866E,Hombre.jpg,Madrid,Avenida de las Suertes 45,995812332444,MariLuzMorales
Antonio,Blanco Márquez,40282503G,Hombre.jpg,Madrid,Calle Prado 4,118456289201,SergioBemposta
Segismundo,Lamas Vila,46510922T,Hombre.jpg,A Coruña,Calle Gamonal 17,286191117824,SergioBemposta
Maria,Pose García,87677151R,Mujer.jpg,Vigo,Calle Quijorna 5,111984761201,SergioBemposta
Eva,González Márquez,41212154H,Mujer.jpg,Madrid,Calle la Granja de San Ildefonso,887456120001,SergioBemposta
Joaquin,Pazo Ulloa,09143974W,Hombre.jpg,Madrid,Calle Culla 1,456456232222,SergioBemposta
Angustias,Martín de pablos Ulloa,24583125N,Mujer.jpg,Córdoba,Calle La Hoguera 3,778900003211,SergioBemposta
Celsa,Eyra Lamas,15223933A,Mujer.jpg,Cáceres,Calle de Puentedey 6,145623232990,BorjaMonsalve
Eugenia,Canella Rico,18656344D,Mujer.jpg,León,Calle la Adrada 2,111478223114,BorjaMonsalve
Juan,Otero Rosende,14787132H,Hombre.jpg,Segovia,Calle Villamanta 10,156232111190,BorjaMonsalve
Albert,Llonch,47422568X,,Sabadell,estrella 102,23942395,Borja
Albert,qfelm,1234,,sabadell,flaemflq,123421,Sergio
Alex,Hernan,1234asf,,madrid,mandriles 2,1234151,Sergio
fafa,GEg,gsFG,,geagfa,gaega123,124124,Sergio
albert,qrwq,234142,,1234,wqraf123,1244124,Borja
maurizio,martin,1234f,,madird,venexuela 2,1234124,Borja
asdaf,achraf,agsaf,,agasfgags,gas,421412,Borja
Alex,Hernan,12341r12,,madrid,Mandriles 2,23425124,SergioBemposta
Manu,efjeom,12,,flpmewlcm,"vwvdw,",1245125123,SergioBemposta
manuel,qfqewg,47422583x,,gege,gdg,1234,SergioBemposta
albert,cancelar,47422583X,,sabad,veg,1234124,SergioBemposta
maurizio,martin,12345678G,,corradini,madrid,12341,SergioBemposta
cami,calonca,47422365X,Mujer.jpg,adbade,italy,5214123124,BorjaMonsalve
